{"cameraMode":{"drawMode":0,"name":"Shaded","section":"Shading Mode"},"sceneLighting":true,"audioPlay":false,"sceneViewState":{"showFog":true,"showMaterialUpdate":false,"showSkybox":true,"showFlares":true,"showImageEffects":true,"showParticleSystems":true},"in2DMode":false,"pivot":{"x":-7.669426918029785,"y":8.919010162353516,"z":-16.123748779296876},"rotation":{"x":-0.09466476738452912,"y":-0.008364494889974594,"z":0.0007993053877726197,"w":-0.9954813718795776},"size":51.59939956665039,"orthographic":false}